operation_type|scheduled_start_time|actual_start_time|execution_duration_MILLISECONDS|result_code|original_start_time
LdbcQuery5|1650576725697|1650576725697|89|0|1290688157299
LdbcQuery13|1650576725697|1650576725787|3|1|1290688157299
LdbcQuery10|1650576725710|1650576725791|4|0|1290688170730
LdbcQuery11|1650576725728|1650576725795|3|0|1290688188638
LdbcQuery3|1650576725751|1650576725799|131|0|1290688211023
LdbcQuery4|1650576725764|1650576725930|3|0|1290688224454
LdbcQuery2|1650576725773|1650576725934|3|0|1290688233408
LdbcQuery13|1650576725782|1650576725938|3|1|1290688242362
LdbcQuery1|1650576725791|1650576725942|4|0|1290688251316
LdbcQuery11|1650576725800|1650576725946|4|0|1290688260270
LdbcQuery7|1650576725831|1650576725951|100|0|1290688291609
LdbcQuery12|1650576725836|1650576726051|167|0|1290688296086
LdbcQuery10|1650576725845|1650576726219|4|0|1290688305040
LdbcQuery8|1650576725845|1650576726223|17|20|1290688305040
LdbcShortQuery4MessageContent|1650576726240|1650576726240|3|1|-1
LdbcShortQuery5MessageCreator|1650576726243|1650576726244|3|1|-1
LdbcShortQuery6MessageForum|1650576726247|1650576726247|3|1|-1
LdbcShortQuery7MessageReplies|1650576726250|1650576726251|3|0|-1
LdbcQuery13|1650576725867|1650576726254|3|1|1290688327425
LdbcShortQuery1PersonProfile|1650576726257|1650576726258|3|1|-1
LdbcShortQuery2PersonPosts|1650576726261|1650576726262|8|10|-1
LdbcShortQuery3PersonFriends|1650576726270|1650576726271|10|497|-1
LdbcShortQuery4MessageContent|1650576726281|1650576726282|3|1|-1
LdbcShortQuery5MessageCreator|1650576726285|1650576726285|3|1|-1
LdbcShortQuery6MessageForum|1650576726288|1650576726289|3|1|-1
LdbcShortQuery7MessageReplies|1650576726292|1650576726292|10|1|-1
LdbcShortQuery1PersonProfile|1650576726302|1650576726303|3|1|-1
LdbcShortQuery2PersonPosts|1650576726306|1650576726307|4|10|-1
LdbcShortQuery3PersonFriends|1650576726311|1650576726311|3|13|-1
LdbcShortQuery4MessageContent|1650576726314|1650576726315|3|1|-1
LdbcShortQuery5MessageCreator|1650576726318|1650576726319|3|1|-1
LdbcShortQuery6MessageForum|1650576726322|1650576726322|3|1|-1
LdbcShortQuery7MessageReplies|1650576726325|1650576726326|3|0|-1
LdbcQuery11|1650576725872|1650576726329|3|0|1290688331902
LdbcShortQuery4MessageContent|1650576726332|1650576726333|2|1|-1
LdbcShortQuery5MessageCreator|1650576726335|1650576726336|3|1|-1
LdbcShortQuery6MessageForum|1650576726339|1650576726339|4|1|-1
LdbcShortQuery7MessageReplies|1650576726343|1650576726344|3|0|-1
LdbcShortQuery1PersonProfile|1650576726347|1650576726347|3|1|-1
LdbcShortQuery2PersonPosts|1650576726350|1650576726351|6|10|-1
LdbcShortQuery3PersonFriends|1650576726357|1650576726358|4|99|-1
LdbcQuery14|1650576725881|1650576726362|3|0|1290688340856
LdbcShortQuery1PersonProfile|1650576726365|1650576726366|3|1|-1
LdbcShortQuery2PersonPosts|1650576726369|1650576726370|9|10|-1
LdbcShortQuery3PersonFriends|1650576726379|1650576726379|6|187|-1
LdbcShortQuery4MessageContent|1650576726385|1650576726386|3|1|-1
LdbcShortQuery5MessageCreator|1650576726389|1650576726390|3|1|-1
LdbcShortQuery6MessageForum|1650576726393|1650576726393|3|1|-1
LdbcShortQuery7MessageReplies|1650576726396|1650576726397|5|3|-1
LdbcShortQuery1PersonProfile|1650576726402|1650576726403|3|1|-1
LdbcShortQuery2PersonPosts|1650576726406|1650576726406|12|10|-1
LdbcShortQuery3PersonFriends|1650576726418|1650576726419|4|44|-1
LdbcQuery1|1650576725907|1650576726423|4|0|1290688367718
LdbcShortQuery4MessageContent|1650576726427|1650576726428|10|1|-1
LdbcShortQuery5MessageCreator|1650576726438|1650576726438|10|1|-1
LdbcShortQuery6MessageForum|1650576726448|1650576726449|14|1|-1
LdbcShortQuery7MessageReplies|1650576726463|1650576726464|37|6|-1
LdbcShortQuery1PersonProfile|1650576726501|1650576726501|4|1|-1
LdbcShortQuery2PersonPosts|1650576726505|1650576726506|6|10|-1
LdbcShortQuery3PersonFriends|1650576726512|1650576726512|5|119|-1
LdbcQuery4|1650576725925|1650576726518|3|0|1290688385626
LdbcShortQuery1PersonProfile|1650576726521|1650576726521|12|1|-1
LdbcShortQuery2PersonPosts|1650576726533|1650576726533|20|10|-1
LdbcShortQuery3PersonFriends|1650576726553|1650576726554|14|116|-1
LdbcQuery2|1650576725939|1650576726569|4|0|1290688399057
LdbcShortQuery4MessageContent|1650576726573|1650576726574|3|1|-1
LdbcShortQuery5MessageCreator|1650576726577|1650576726577|3|1|-1
LdbcShortQuery6MessageForum|1650576726580|1650576726580|2|1|-1
LdbcShortQuery7MessageReplies|1650576726582|1650576726583|4|7|-1
LdbcShortQuery1PersonProfile|1650576726587|1650576726588|2|1|-1
LdbcShortQuery2PersonPosts|1650576726590|1650576726590|4|10|-1
LdbcShortQuery3PersonFriends|1650576726594|1650576726595|3|9|-1
LdbcShortQuery4MessageContent|1650576726598|1650576726598|3|1|-1
LdbcShortQuery5MessageCreator|1650576726601|1650576726602|3|1|-1
LdbcShortQuery6MessageForum|1650576726605|1650576726605|2|1|-1
LdbcShortQuery7MessageReplies|1650576726607|1650576726608|5|11|-1
LdbcQuery11|1650576725943|1650576726613|6|0|1290688403534
LdbcShortQuery1PersonProfile|1650576726619|1650576726620|3|1|-1
LdbcShortQuery2PersonPosts|1650576726623|1650576726624|6|10|-1
LdbcShortQuery3PersonFriends|1650576726630|1650576726631|4|16|-1
LdbcShortQuery4MessageContent|1650576726635|1650576726635|2|1|-1
LdbcShortQuery5MessageCreator|1650576726637|1650576726638|2|1|-1
LdbcShortQuery6MessageForum|1650576726640|1650576726641|3|1|-1
LdbcShortQuery7MessageReplies|1650576726644|1650576726645|4|5|-1
LdbcQuery13|1650576725952|1650576726650|3|1|1290688412488
LdbcShortQuery4MessageContent|1650576726653|1650576726653|3|1|-1
LdbcShortQuery5MessageCreator|1650576726656|1650576726656|2|1|-1
LdbcShortQuery6MessageForum|1650576726658|1650576726659|2|1|-1
LdbcShortQuery7MessageReplies|1650576726661|1650576726662|4|11|-1
LdbcShortQuery1PersonProfile|1650576726666|1650576726666|2|1|-1
LdbcShortQuery2PersonPosts|1650576726668|1650576726669|5|10|-1
LdbcShortQuery3PersonFriends|1650576726674|1650576726675|3|24|-1
LdbcShortQuery4MessageContent|1650576726678|1650576726679|3|1|-1
LdbcShortQuery5MessageCreator|1650576726682|1650576726682|3|1|-1
LdbcShortQuery6MessageForum|1650576726685|1650576726686|3|1|-1
LdbcShortQuery7MessageReplies|1650576726689|1650576726690|3|0|-1
LdbcQuery5|1650576725952|1650576726693|4|0|1290688412488
LdbcShortQuery1PersonProfile|1650576726697|1650576726698|3|1|-1
LdbcShortQuery2PersonPosts|1650576726701|1650576726701|8|10|-1
LdbcShortQuery3PersonFriends|1650576726709|1650576726710|3|6|-1
LdbcQuery10|1650576725979|1650576726713|3|0|1290688439350
LdbcShortQuery4MessageContent|1650576726716|1650576726717|3|1|-1
LdbcShortQuery5MessageCreator|1650576726720|1650576726721|3|1|-1
LdbcShortQuery6MessageForum|1650576726724|1650576726724|3|1|-1
LdbcShortQuery7MessageReplies|1650576726727|1650576726728|3|0|-1
LdbcShortQuery1PersonProfile|1650576726731|1650576726731|3|1|-1
LdbcShortQuery2PersonPosts|1650576726734|1650576726734|4|10|-1
LdbcShortQuery3PersonFriends|1650576726738|1650576726739|3|16|-1
LdbcShortQuery4MessageContent|1650576726742|1650576726742|3|1|-1
LdbcShortQuery5MessageCreator|1650576726745|1650576726746|3|1|-1
LdbcShortQuery6MessageForum|1650576726749|1650576726749|3|1|-1
LdbcShortQuery7MessageReplies|1650576726752|1650576726752|5|9|-1
LdbcQuery11|1650576726015|1650576726758|3|0|1290688475166
LdbcShortQuery1PersonProfile|1650576726761|1650576726762|3|1|-1
LdbcShortQuery2PersonPosts|1650576726765|1650576726765|5|10|-1
LdbcShortQuery3PersonFriends|1650576726770|1650576726771|5|71|-1
LdbcShortQuery4MessageContent|1650576726776|1650576726777|3|1|-1
LdbcShortQuery5MessageCreator|1650576726780|1650576726780|2|1|-1
LdbcShortQuery6MessageForum|1650576726782|1650576726783|3|1|-1
LdbcShortQuery7MessageReplies|1650576726786|1650576726787|3|0|-1
LdbcShortQuery1PersonProfile|1650576726790|1650576726790|3|1|-1
LdbcShortQuery2PersonPosts|1650576726793|1650576726793|11|10|-1
LdbcShortQuery3PersonFriends|1650576726804|1650576726805|3|4|-1
LdbcQuery6|1650576726019|1650576726808|108|0|1290688479643
LdbcShortQuery4MessageContent|1650576726916|1650576726916|3|1|-1
LdbcShortQuery5MessageCreator|1650576726919|1650576726920|2|1|-1
LdbcShortQuery6MessageForum|1650576726922|1650576726923|2|1|-1
LdbcShortQuery7MessageReplies|1650576726925|1650576726926|2|0|-1
LdbcShortQuery1PersonProfile|1650576726928|1650576726929|2|1|-1
LdbcShortQuery2PersonPosts|1650576726931|1650576726932|4|10|-1
LdbcShortQuery3PersonFriends|1650576726936|1650576726936|4|128|-1
LdbcShortQuery4MessageContent|1650576726940|1650576726941|3|1|-1
LdbcShortQuery5MessageCreator|1650576726944|1650576726944|2|1|-1
LdbcShortQuery6MessageForum|1650576726946|1650576726947|2|1|-1
LdbcShortQuery7MessageReplies|1650576726949|1650576726949|2|0|-1
